{
  "cpu": {
    "fqbn": "esp32:esp32:adafruit_feather_esp32_v2:UploadSpeed=921600,CPUFreq=240,FlashFreq=80,FlashSize=8M,PartitionScheme=default_8MB,DebugLevel=none,PSRAM=enabled,LoopCore=1,EventsCore=1,EraseFlash=none",
    "name": "",
    "type": "serial"
  },
  "secrets": [
    {
      "name": "SECRET_DEVICE_KEY",
      "value": ""
    },
    {
      "name": "SECRET_OPTIONAL_PASS",
      "value": ""
    },
    {
      "name": "SECRET_SSID",
      "value": ""
    }
  ],
  "included_libs": []
}